characteristic_uuid,characteristic_name
00000000-0000-1000-8000-00805f9b34fb,Base GUID
00000001-0000-1000-8000-008025000000,Stollmann UART RX
00000001-0000-1000-8000-00805f9b34fb,Service Discovery Protocol (SDP)
00000002-0000-1000-8000-008025000000,Stollmann UART TX
00000002-0000-1000-8000-00805f9b34fb,User Datagram Protocol (UDP)
00000003-0000-1000-8000-00805f9b34fb,Radio Frequency Communication Protocol (RFCOMM)
00000004-0000-1000-8000-008025000000,Stollmann Credits UART RX
00000004-0000-1000-8000-00805f9b34fb,TCP
00000005-0000-1000-8000-00805f9b34fb,TCSBIN
00000006-0000-1000-8000-00805f9b34fb,TCSAT
00000008-0000-1000-8000-00805f9b34fb,Object Exchange Protocol (OBEX)
00000009-0000-1000-8000-00805f9b34fb,IP
0000000a-0000-1000-8000-00805f9b34fb,FTP
0000000c-0000-1000-8000-00805f9b34fb,HTTP
0000000e-0000-1000-8000-00805f9b34fb,WSP
0000000f-0000-1000-8000-00805f9b34fb,BNEP_SVC
00000010-0000-1000-8000-00805f9b34fb,UPNP Protocol
00000011-0000-1000-8000-00805f9b34fb,HIDP
00000012-0000-1000-8000-00805f9b34fb,Hardcopy Control Channel Protocol
00000014-0000-1000-8000-00805f9b34fb,Hardcopy Data Channel Protocol
00000016-0000-1000-8000-00805f9b34fb,Hardcopy Notification Protocol
00000017-0000-1000-8000-00805f9b34fb,VCTP Protocol
00000019-0000-1000-8000-00805f9b34fb,VDTP Protocol
0000001b-0000-1000-8000-00805f9b34fb,CMPT Protocol
0000001d-0000-1000-8000-00805f9b34fb,UDI C Plane Protocol
0000001e-0000-1000-8000-00805f9b34fb,MCAP Control Channel
0000001f-0000-1000-8000-00805f9b34fb,MCAP Data Channel
00000100-0000-1000-8000-00805f9b34fb,L2CAP
00001000-0000-1000-8000-00805f9b34fb,Service Discovery Server
00001001-0000-1000-8000-00805f9b34fb,Browse Group Descriptor
00001002-0000-1000-8000-00805f9b34fb,Public Browse Group
00001101-0000-1000-8000-00805f9b34fb,SPP
00001102-0000-1000-8000-00805f9b34fb,LAN Access Using PPP
00001103-0000-1000-8000-00805f9b34fb,DUN_GW
00001104-0000-1000-8000-00805f9b34fb,OBEX_SYNC
00001105-0000-1000-8000-00805f9b34fb,OBEX Object Push
00001106-0000-1000-8000-00805f9b34fb,OBEX File Transfer
00001107-0000-1000-8000-00805f9b34fb,IrMC Sync Command
00001108-0000-1000-8000-00805f9b34fb,HSP_HS
00001109-0000-1000-8000-00805f9b34fb,Cordless Telephony
0000110a-0000-1000-8000-00805f9b34fb,A2DP Audio Source
0000110b-0000-1000-8000-00805f9b34fb,A2DP Audio Sink
0000110c-0000-1000-8000-00805f9b34fb,AV Remote Control Target
0000110d-0000-1000-8000-00805f9b34fb,ADVANCED_AUDIO
0000110e-0000-1000-8000-00805f9b34fb,AVRCP_REMOTE
0000110f-0000-1000-8000-00805f9b34fb,Video Conferencing
00001110-0000-1000-8000-00805f9b34fb,Intercom
00001111-0000-1000-8000-00805f9b34fb,FAX
00001112-0000-1000-8000-00805f9b34fb,Headset Profile (HSP) - Audio Gateway
00001113-0000-1000-8000-00805f9b34fb,WAP
00001114-0000-1000-8000-00805f9b34fb,WAP Client
00001115-0000-1000-8000-00805f9b34fb,PANU
00001116-0000-1000-8000-00805f9b34fb,NAP
00001117-0000-1000-8000-00805f9b34fb,GN
00001118-0000-1000-8000-00805f9b34fb,Direct Printing
00001119-0000-1000-8000-00805f9b34fb,Reference Printing
0000111a-0000-1000-8000-00805f9b34fb,Imaging
0000111b-0000-1000-8000-00805f9b34fb,Imaging Responder
0000111c-0000-1000-8000-00805f9b34fb,Imaging Automatic Archive
0000111d-0000-1000-8000-00805f9b34fb,Imaging Reference Objects
0000111e-0000-1000-8000-00805f9b34fb,Hands Free Profile (HFP) - Headset
0000111f-0000-1000-8000-00805f9b34fb,Hands Free Profile (HFP) - Audio Gateway
00001120-0000-1000-8000-00805f9b34fb,Direct Printing Reference Objects
00001121-0000-1000-8000-00805f9b34fb,Reflected UI
00001122-0000-1000-8000-00805f9b34fb,Basic Printing
00001123-0000-1000-8000-00805f9b34fb,Printing Status
00001124-0000-1000-8000-00805f9b34fb,HID
00001125-0000-1000-8000-00805f9b34fb,Hardcopy Cable Replacement
00001126-0000-1000-8000-00805f9b34fb,HCR Print
00001127-0000-1000-8000-00805f9b34fb,HCR Scan
00001128-0000-1000-8000-00805f9b34fb,Common ISDN Access
00001129-0000-1000-8000-00805f9b34fb,Video Conferencing Gateway
0000112a-0000-1000-8000-00805f9b34fb,UDIMT
0000112b-0000-1000-8000-00805f9b34fb,UDITA
0000112c-0000-1000-8000-00805f9b34fb,Audio Video
0000112d-0000-1000-8000-00805f9b34fb,SIM Access
0000112e-0000-1000-8000-00805f9b34fb,OBEX PCE
0000112f-0000-1000-8000-00805f9b34fb,OBEX PSE
00001130-0000-1000-8000-00805f9b34fb,OBEX PBAP
00001132-0000-1000-8000-00805f9b34fb,OBEX MAS
00001133-0000-1000-8000-00805f9b34fb,OBEX MNS
00001134-0000-1000-8000-00805f9b34fb,OBEX MAP
00001200-0000-1000-8000-00805f9b34fb,PNP
00001201-0000-1000-8000-00805f9b34fb,Generic Networking
00001202-0000-1000-8000-00805f9b34fb,Generic File Transfer
00001203-0000-1000-8000-00805f9b34fb,Generic Audio
00001204-0000-1000-8000-00805f9b34fb,Generic Telephony
00001205-0000-1000-8000-00805f9b34fb,UPNP
00001206-0000-1000-8000-00805f9b34fb,UPNP IP
00001300-0000-1000-8000-00805f9b34fb,ESDP UPnP IP PAN
00001301-0000-1000-8000-00805f9b34fb,ESDP UPnP IP LAP
00001302-0000-1000-8000-00805f9b34fb,ESDP Upnp L2CAP
00001303-0000-1000-8000-00805f9b34fb,Video Distribution Profile (VDP) - Source
00001304-0000-1000-8000-00805f9b34fb,Video Distribution Profile (VDP) - Sink
00001305-0000-1000-8000-00805f9b34fb,Video Distribution Profile (VDP)
00001400-0000-1000-8000-00805f9b34fb,Health Device Profile (HDP)
00001401-0000-1000-8000-00805f9b34fb,Health Device Profile (HDP) - Source
00001402-0000-1000-8000-00805f9b34fb,Health Device Profile (HDP) - Sink
00001530-1212-efde-1523-785feabcd123,Nordic DFU Service
00001531-1212-efde-1523-785feabcd123,Nordic DFU Control Point
00001532-1212-efde-1523-785feabcd123,Nordic DFU Packet
00001800-0000-1000-8000-00805f9b34fb,Generic Access
00001801-0000-1000-8000-00805f9b34fb,Generic Attribute
00001802-0000-1000-8000-00805f9b34fb,IMMEDIATE_ALERT
00001803-0000-1000-8000-00805f9b34fb,LINK_LOSS
00001804-0000-1000-8000-00805f9b34fb,TX_POWER
00001805-0000-1000-8000-00805f9b34fb,Current Time Service
00001806-0000-1000-8000-00805f9b34fb,Reference Time Update Service
00001807-0000-1000-8000-00805f9b34fb,Next DST Change Service
00001808-0000-1000-8000-00805f9b34fb,Glucose
00001809-0000-1000-8000-00805f9b34fb,Health Thermometer
0000180a-0000-1000-8000-00805f9b34fb,GC_DEVICE_INFORMATION
0000180b-0000-1000-8000-00805f9b34fb,Network Availability
0000180c-0000-1000-8000-00805f9b34fb,Watchdog
0000180d-0000-1000-8000-00805f9b34fb,HEART_RATE
0000180e-0000-1000-8000-00805f9b34fb,Phone Alert Status Service
0000180f-0000-1000-8000-00805f9b34fb,Battery Service
00001810-0000-1000-8000-00805f9b34fb,Blood Pressure
00001811-0000-1000-8000-00805f9b34fb,Alert Notification Service
00001812-0000-1000-8000-00805f9b34fb,Human Interface Device
00001813-0000-1000-8000-00805f9b34fb,Scan Parameters
00001814-0000-1000-8000-00805f9b34fb,Running Speed and Cadence
00001815-0000-1000-8000-00805f9b34fb,Automation IO
00001816-0000-1000-8000-00805f9b34fb,CYCLING_SC
00001818-0000-1000-8000-00805f9b34fb,Cycling Power
00001819-0000-1000-8000-00805f9b34fb,Location and Navigation
0000181a-0000-1000-8000-00805f9b34fb,Environmental Sensing
0000181b-0000-1000-8000-00805f9b34fb,Body Composition
0000181c-0000-1000-8000-00805f9b34fb,User Data
0000181d-0000-1000-8000-00805f9b34fb,Weight Scale
0000181e-0000-1000-8000-00805f9b34fb,Bond Management
0000181f-0000-1000-8000-00805f9b34fb,Continuous Glucose Monitoring
00001820-0000-1000-8000-00805f9b34fb,Internet Protocol Support
00002700-0000-1000-8000-00805f9b34fb,unitless
00002701-0000-1000-8000-00805f9b34fb,length (metre)
00002702-0000-1000-8000-00805f9b34fb,mass (kilogram)
00002703-0000-1000-8000-00805f9b34fb,time (second)
00002704-0000-1000-8000-00805f9b34fb,electric current (ampere)
00002705-0000-1000-8000-00805f9b34fb,thermodynamic temperature (kelvin)
00002706-0000-1000-8000-00805f9b34fb,amount of substance (mole)
00002707-0000-1000-8000-00805f9b34fb,luminous intensity (candela)
00002710-0000-1000-8000-00805f9b34fb,area (square metres)
00002711-0000-1000-8000-00805f9b34fb,volume (cubic metres)
00002712-0000-1000-8000-00805f9b34fb,velocity (metres per second)
00002713-0000-1000-8000-00805f9b34fb,acceleration (metres per second squared)
00002714-0000-1000-8000-00805f9b34fb,wavenumber (reciprocal metre)
00002715-0000-1000-8000-00805f9b34fb,density (kilogram per cubic metre)
00002716-0000-1000-8000-00805f9b34fb,surface density (kilogram per square metre)
00002717-0000-1000-8000-00805f9b34fb,specific volume (cubic metre per kilogram)
00002718-0000-1000-8000-00805f9b34fb,current density (ampere per square metre)
00002719-0000-1000-8000-00805f9b34fb,magnetic field strength (ampere per metre)
0000271a-0000-1000-8000-00805f9b34fb,amount concentration (mole per cubic metre)
0000271b-0000-1000-8000-00805f9b34fb,mass concentration (kilogram per cubic metre)
0000271c-0000-1000-8000-00805f9b34fb,luminance (candela per square metre)
0000271d-0000-1000-8000-00805f9b34fb,refractive index
0000271e-0000-1000-8000-00805f9b34fb,relative permeability
00002720-0000-1000-8000-00805f9b34fb,plane angle (radian)
00002721-0000-1000-8000-00805f9b34fb,solid angle (steradian)
00002722-0000-1000-8000-00805f9b34fb,frequency (hertz)
00002723-0000-1000-8000-00805f9b34fb,force (newton)
00002724-0000-1000-8000-00805f9b34fb,pressure (pascal)
00002725-0000-1000-8000-00805f9b34fb,energy (joule)
00002726-0000-1000-8000-00805f9b34fb,power (watt)
00002727-0000-1000-8000-00805f9b34fb,electric charge (coulomb)
00002728-0000-1000-8000-00805f9b34fb,electric potential difference (volt)
00002729-0000-1000-8000-00805f9b34fb,capacitance (farad)
0000272a-0000-1000-8000-00805f9b34fb,electric resistance (ohm)
0000272b-0000-1000-8000-00805f9b34fb,electric conductance (siemens)
0000272c-0000-1000-8000-00805f9b34fb,magnetic flux (weber)
0000272d-0000-1000-8000-00805f9b34fb,magnetic flux density (tesla)
0000272e-0000-1000-8000-00805f9b34fb,inductance (henry)
0000272f-0000-1000-8000-00805f9b34fb,Celsius temperature (degree Celsius)
00002730-0000-1000-8000-00805f9b34fb,luminous flux (lumen)
00002731-0000-1000-8000-00805f9b34fb,illuminance (lux)
00002732-0000-1000-8000-00805f9b34fb,activity referred to a radionuclide (becquerel)
00002733-0000-1000-8000-00805f9b34fb,absorbed dose (gray)
00002734-0000-1000-8000-00805f9b34fb,dose equivalent (sievert)
00002735-0000-1000-8000-00805f9b34fb,catalytic activity (katal)
00002740-0000-1000-8000-00805f9b34fb,dynamic viscosity (pascal second)
00002741-0000-1000-8000-00805f9b34fb,moment of force (newton metre)
00002742-0000-1000-8000-00805f9b34fb,surface tension (newton per metre)
00002743-0000-1000-8000-00805f9b34fb,angular velocity (radian per second)
00002744-0000-1000-8000-00805f9b34fb,angular acceleration (radian per second squared)
00002745-0000-1000-8000-00805f9b34fb,heat flux density (watt per square metre)
00002746-0000-1000-8000-00805f9b34fb,heat capacity (joule per kelvin)
00002747-0000-1000-8000-00805f9b34fb,specific heat capacity (joule per kilogram kelvin)
00002748-0000-1000-8000-00805f9b34fb,specific energy (joule per kilogram)
00002749-0000-1000-8000-00805f9b34fb,thermal conductivity (watt per metre kelvin)
0000274a-0000-1000-8000-00805f9b34fb,energy density (joule per cubic metre)
0000274b-0000-1000-8000-00805f9b34fb,electric field strength (volt per metre)
0000274c-0000-1000-8000-00805f9b34fb,electric charge density (coulomb per cubic metre)
0000274d-0000-1000-8000-00805f9b34fb,surface charge density (coulomb per square metre)
0000274e-0000-1000-8000-00805f9b34fb,electric flux density (coulomb per square metre)
0000274f-0000-1000-8000-00805f9b34fb,permittivity (farad per metre)
00002750-0000-1000-8000-00805f9b34fb,permeability (henry per metre)
00002751-0000-1000-8000-00805f9b34fb,molar energy (joule per mole)
00002752-0000-1000-8000-00805f9b34fb,molar entropy (joule per mole kelvin)
00002753-0000-1000-8000-00805f9b34fb,exposure (coulomb per kilogram)
00002754-0000-1000-8000-00805f9b34fb,absorbed dose rate (gray per second)
00002755-0000-1000-8000-00805f9b34fb,radiant intensity (watt per steradian)
00002756-0000-1000-8000-00805f9b34fb,radiance (watt per square metre steradian)
00002757-0000-1000-8000-00805f9b34fb,catalytic activity concentration (katal per cubic metre)
00002760-0000-1000-8000-00805f9b34fb,time (minute)
00002761-0000-1000-8000-00805f9b34fb,time (hour)
00002762-0000-1000-8000-00805f9b34fb,time (day)
00002763-0000-1000-8000-00805f9b34fb,plane angle (degree)
00002764-0000-1000-8000-00805f9b34fb,plane angle (minute)
00002765-0000-1000-8000-00805f9b34fb,plane angle (second)
00002766-0000-1000-8000-00805f9b34fb,area (hectare)
00002767-0000-1000-8000-00805f9b34fb,volume (litre)
00002768-0000-1000-8000-00805f9b34fb,mass (tonne)
00002780-0000-1000-8000-00805f9b34fb,pressure (bar)
00002781-0000-1000-8000-00805f9b34fb,pressure (millimetre of mercury)
00002782-0000-1000-8000-00805f9b34fb,length (angstrom)
00002783-0000-1000-8000-00805f9b34fb,length (nautical mile)
00002784-0000-1000-8000-00805f9b34fb,area (barn)
00002785-0000-1000-8000-00805f9b34fb,velocity (knot)
00002786-0000-1000-8000-00805f9b34fb,logarithmic radio quantity (neper)
00002787-0000-1000-8000-00805f9b34fb,logarithmic radio quantity (bel)
000027a0-0000-1000-8000-00805f9b34fb,length (yard)
000027a1-0000-1000-8000-00805f9b34fb,length (parsec)
000027a2-0000-1000-8000-00805f9b34fb,length (inch)
000027a3-0000-1000-8000-00805f9b34fb,length (foot)
000027a4-0000-1000-8000-00805f9b34fb,length (mile)
000027a5-0000-1000-8000-00805f9b34fb,pressure (pound-force per square inch)
000027a6-0000-1000-8000-00805f9b34fb,velocity (kilometre per hour)
000027a7-0000-1000-8000-00805f9b34fb,velocity (mile per hour)
000027a8-0000-1000-8000-00805f9b34fb,angular velocity (revolution per minute)
000027a9-0000-1000-8000-00805f9b34fb,energy (gram calorie)
000027aa-0000-1000-8000-00805f9b34fb,energy (kilogram calorie)
000027ab-0000-1000-8000-00805f9b34fb,energy (kilowatt hour)
000027ac-0000-1000-8000-00805f9b34fb,thermodynamic temperature (degree Fahrenheit)
000027ad-0000-1000-8000-00805f9b34fb,percentage
000027ae-0000-1000-8000-00805f9b34fb,per mille
000027af-0000-1000-8000-00805f9b34fb,period (beats per minute)
000027b0-0000-1000-8000-00805f9b34fb,electric charge (ampere hours)
000027b1-0000-1000-8000-00805f9b34fb,mass density (milligram per decilitre)
000027b2-0000-1000-8000-00805f9b34fb,mass density (millimole per litre)
000027b3-0000-1000-8000-00805f9b34fb,time (year)
000027b4-0000-1000-8000-00805f9b34fb,time (month)
000027b5-0000-1000-8000-00805f9b34fb,concentration (count per cubic metre)
000027b6-0000-1000-8000-00805f9b34fb,irradiance (watt per square metre)
000027b7-0000-1000-8000-00805f9b34fb,milliliter (per kilogram per minute)
000027b8-0000-1000-8000-00805f9b34fb,mass (pound)
00002800-0000-1000-8000-00805f9b34fb,GATT Primary Service Declaration
00002801-0000-1000-8000-00805f9b34fb,GATT Secondary Service Declaration
00002802-0000-1000-8000-00805f9b34fb,GATT Include Declaration
00002803-0000-1000-8000-00805f9b34fb,GATT Characteristic Declaration
00002900-0000-1000-8000-00805f9b34fb,Characteristic Extended Properties
00002901-0000-1000-8000-00805f9b34fb,Characteristic User Description
00002902-0000-1000-8000-00805f9b34fb,GC_V2_COMMANDTYPE4
00002903-0000-1000-8000-00805f9b34fb,Server Characteristic Configuration
00002904-0000-1000-8000-00805f9b34fb,Characteristic Presentation Format
00002905-0000-1000-8000-00805f9b34fb,Characteristic Aggregate Format
00002906-0000-1000-8000-00805f9b34fb,Valid Range
00002907-0000-1000-8000-00805f9b34fb,External Report Reference
00002908-0000-1000-8000-00805f9b34fb,Report Reference
00002909-0000-1000-8000-00805f9b34fb,Number of Digits
0000290a-0000-1000-8000-00805f9b34fb,Trigger Setting
0000290b-0000-1000-8000-00805f9b34fb,Environmental Sensing Configuration
0000290c-0000-1000-8000-00805f9b34fb,Environmental Sensing Measurement
0000290d-0000-1000-8000-00805f9b34fb,Environmental Sensing Trigger Setting
00002a00-0000-1000-8000-00805f9b34fb,Device Name
00002a01-0000-1000-8000-00805f9b34fb,Appearance
00002a02-0000-1000-8000-00805f9b34fb,Peripheral Privacy Flag
00002a03-0000-1000-8000-00805f9b34fb,Reconnection Address
00002a04-0000-1000-8000-00805f9b34fb,Peripheral Preferred Connection Parameters
00002a05-0000-1000-8000-00805f9b34fb,Service Changed
00002a06-0000-1000-8000-00805f9b34fb,Alert Level
00002a07-0000-1000-8000-00805f9b34fb,Tx Power Level
00002a08-0000-1000-8000-00805f9b34fb,Date Time
00002a09-0000-1000-8000-00805f9b34fb,Day of Week
00002a0a-0000-1000-8000-00805f9b34fb,Day Date Time
00002a0b-0000-1000-8000-00805f9b34fb,Exact Time 100
00002a0c-0000-1000-8000-00805f9b34fb,Exact Time 256
00002a0d-0000-1000-8000-00805f9b34fb,DST Offset
00002a0e-0000-1000-8000-00805f9b34fb,Time Zone
00002a0f-0000-1000-8000-00805f9b34fb,Local Time Information
00002a10-0000-1000-8000-00805f9b34fb,Secondary Time Zone
00002a11-0000-1000-8000-00805f9b34fb,Time with DST
00002a12-0000-1000-8000-00805f9b34fb,Time Accuracy
00002a13-0000-1000-8000-00805f9b34fb,Time Source
00002a14-0000-1000-8000-00805f9b34fb,Reference Time Information
00002a15-0000-1000-8000-00805f9b34fb,Time Broadcast
00002a16-0000-1000-8000-00805f9b34fb,Time Update Control Point
00002a17-0000-1000-8000-00805f9b34fb,Time Update State
00002a18-0000-1000-8000-00805f9b34fb,Glucose Measurement
00002a19-0000-1000-8000-00805f9b34fb,Battery Level
00002a1a-0000-1000-8000-00805f9b34fb,Battery Power State
00002a1b-0000-1000-8000-00805f9b34fb,Battery Level State
00002a1c-0000-1000-8000-00805f9b34fb,Temperature Measurement
00002a1d-0000-1000-8000-00805f9b34fb,Temperature Type
00002a1e-0000-1000-8000-00805f9b34fb,Intermediate Temperature
00002a1f-0000-1000-8000-00805f9b34fb,Temperature Celsius
00002a20-0000-1000-8000-00805f9b34fb,Temperature Fahrenheit
00002a21-0000-1000-8000-00805f9b34fb,Measurement Interval
00002a22-0000-1000-8000-00805f9b34fb,Boot Keyboard Input Report
00002a23-0000-1000-8000-00805f9b34fb,System ID
00002a24-0000-1000-8000-00805f9b34fb,Model Number String
00002a25-0000-1000-8000-00805f9b34fb,Serial Number String
00002a26-0000-1000-8000-00805f9b34fb,GC_FW_REVISION
00002a27-0000-1000-8000-00805f9b34fb,Hardware Revision String
00002a28-0000-1000-8000-00805f9b34fb,Software Revision String
00002a29-0000-1000-8000-00805f9b34fb,Manufacturer Name String
00002a2a-0000-1000-8000-00805f9b34fb,IEEE 11073-20601 Regulatory
00002a2b-0000-1000-8000-00805f9b34fb,Current Time
00002a2c-0000-1000-8000-00805f9b34fb,Elevation
00002a2d-0000-1000-8000-00805f9b34fb,Latitude
00002a2e-0000-1000-8000-00805f9b34fb,Longitude
00002a2f-0000-1000-8000-00805f9b34fb,Position 2D
00002a30-0000-1000-8000-00805f9b34fb,Position 3D
00002a31-0000-1000-8000-00805f9b34fb,Scan Refresh
00002a32-0000-1000-8000-00805f9b34fb,Boot Keyboard Output Report
00002a33-0000-1000-8000-00805f9b34fb,Boot Mouse Input Report
00002a34-0000-1000-8000-00805f9b34fb,Glucose Measurement Context
00002a35-0000-1000-8000-00805f9b34fb,Blood Pressure Measurement
00002a36-0000-1000-8000-00805f9b34fb,Intermediate Cuff Pressure
00002a37-0000-1000-8000-00805f9b34fb,Heart Rate Measurement
00002a38-0000-1000-8000-00805f9b34fb,Body Sensor Location
00002a39-0000-1000-8000-00805f9b34fb,Heart Rate Control Point
00002a3a-0000-1000-8000-00805f9b34fb,Removable
00002a3b-0000-1000-8000-00805f9b34fb,Service Required
00002a3c-0000-1000-8000-00805f9b34fb,Scientific Temperature Celsius
00002a3d-0000-1000-8000-00805f9b34fb,String
00002a3e-0000-1000-8000-00805f9b34fb,Network Availability
00002a3f-0000-1000-8000-00805f9b34fb,Alert Status
00002a40-0000-1000-8000-00805f9b34fb,Ringer Control Point
00002a41-0000-1000-8000-00805f9b34fb,Ringer Setting
00002a42-0000-1000-8000-00805f9b34fb,Alert Category ID Bit Mask
00002a43-0000-1000-8000-00805f9b34fb,Alert Category ID
00002a44-0000-1000-8000-00805f9b34fb,Alert Notification Control Point
00002a45-0000-1000-8000-00805f9b34fb,Unread Alert Status
00002a46-0000-1000-8000-00805f9b34fb,New Alert
00002a47-0000-1000-8000-00805f9b34fb,Supported New Alert Category
00002a48-0000-1000-8000-00805f9b34fb,Supported Unread Alert Category
00002a49-0000-1000-8000-00805f9b34fb,Blood Pressure Feature
00002a4a-0000-1000-8000-00805f9b34fb,HID Information
00002a4b-0000-1000-8000-00805f9b34fb,HID Report Map
00002a4c-0000-1000-8000-00805f9b34fb,HID Control Point
00002a4e-0000-1000-8000-00805f9b34fb,Protocol Mode
00002a4f-0000-1000-8000-00805f9b34fb,Scan Interval Windows
00002a50-0000-1000-8000-00805f9b34fb,PNPID
00002a51-0000-1000-8000-00805f9b34fb,Glucose Feature
00002a52-0000-1000-8000-00805f9b34fb,Glucose RACP
00002a53-0000-1000-8000-00805f9b34fb,RSC Measurement
00002a54-0000-1000-8000-00805f9b34fb,RSC Feature
00002a55-0000-1000-8000-00805f9b34fb,SC_CONTROL_POINT
00002a56-0000-1000-8000-00805f9b34fb,Digital Input
00002a57-0000-1000-8000-00805f9b34fb,Digital Output
00002a58-0000-1000-8000-00805f9b34fb,Analog Input
00002a59-0000-1000-8000-00805f9b34fb,Analog Output
00002a5A-0000-1000-8000-00805f9b34fb,Aggregate Input
00002a5b-0000-1000-8000-00805f9b34fb,CSC_MEASUREMENT
00002a5c-0000-1000-8000-00805f9b34fb,CSC_FEATURE
00002a5d-0000-1000-8000-00805f9b34fb,SENSOR_LOCATION
00002a5f-0000-1000-8000-00805f9b34fb,Oximetry Continuous Measure Temp
00002a60-0000-1000-8000-00805f9b34fb,Oximetry Pulsatile Event Temp
00002a61-0000-1000-8000-00805f9b34fb,Oximetry Feature Temp
00002a62-0000-1000-8000-00805f9b34fb,Oximetry Control Point Temp
00002a63-0000-1000-8000-00805f9b34fb,Cycling Power Measurement
00002a64-0000-1000-8000-00805f9b34fb,Cycling Power Vector
00002a65-0000-1000-8000-00805f9b34fb,Cycling Power Feature
00002a66-0000-1000-8000-00805f9b34fb,Cycling Power Control Point
00002a67-0000-1000-8000-00805f9b34fb,Location and Speed
00002a68-0000-1000-8000-00805f9b34fb,Navigation
00002a69-0000-1000-8000-00805f9b34fb,Position Quality
00002a6a-0000-1000-8000-00805f9b34fb,LN Feature
00002a6b-0000-1000-8000-00805f9b34fb,LN Control Point
00002a6c-0000-1000-8000-00805f9b34fb,Elevation
00002a6d-0000-1000-8000-00805f9b34fb,Pressure
00002a6f-0000-1000-8000-00805f9b34fb,Humidity
00002a72-0000-1000-8000-00805f9b34fb,Apparent Wind Speed
00002a73-0000-1000-8000-00805f9b34fb,Apparent Wind Direction?
00002a74-0000-1000-8000-00805f9b34fb,Gust Factor
00002a75-0000-1000-8000-00805f9b34fb,Pollen Concentration
00002a77-0000-1000-8000-00805f9b34fb,Irradiance
00002a7a-0000-1000-8000-00805f9b34fb,Heat Index
00002a7b-0000-1000-8000-00805f9b34fb,Dew Point
00002a7d-0000-1000-8000-00805f9b34fb,Descriptor Value Changed
00002a7e-0000-1000-8000-00805f9b34fb,Aerobic Heart Rate Lower Limit
00002a7f-0000-1000-8000-00805f9b34fb,Aerobic Threshold
00002a80-0000-1000-8000-00805f9b34fb,Age
00002a81-0000-1000-8000-00805f9b34fb,Anaerobic Heart Rate Lower Limit
00002a82-0000-1000-8000-00805f9b34fb,Anaerobic Heart Rate Upper Limit
00002a83-0000-1000-8000-00805f9b34fb,Anaerobic Threshold
00002a84-0000-1000-8000-00805f9b34fb,Aerobic Heart Rate Upper Limit
00002a85-0000-1000-8000-00805f9b34fb,Date of Birth
00002a86-0000-1000-8000-00805f9b34fb,Date of Threshold Assessment
00002a87-0000-1000-8000-00805f9b34fb,Email Address
00002a88-0000-1000-8000-00805f9b34fb,Fat Burn Heart Rate Lower Limit
00002a89-0000-1000-8000-00805f9b34fb,Fat Burn Heart Rate Upper Limit
00002a8a-0000-1000-8000-00805f9b34fb,First Name
00002a8b-0000-1000-8000-00805f9b34fb,Five Zone Heart Rate Limits
00002a8c-0000-1000-8000-00805f9b34fb,Gender
00002a8d-0000-1000-8000-00805f9b34fb,Heart Rate Max
00002a8e-0000-1000-8000-00805f9b34fb,Height
00002a8f-0000-1000-8000-00805f9b34fb,Hip Circumference
00002a90-0000-1000-8000-00805f9b34fb,Last Name
00002a91-0000-1000-8000-00805f9b34fb,Maximum Recommended Heart Rate
00002a99-0000-1000-8000-00805f9b34fb,Database Change Increment
00002a9b-0000-1000-8000-00805f9b34fb,Body Composition Feature
00002a9c-0000-1000-8000-00805f9b34fb,Body Composition Measurement
00002aa0-0000-1000-8000-00805f9b34fb,Magnetic Flux Density - 2D
00002aa1-0000-1000-8000-00805f9b34fb,Magnetic Flux Density - 3D
00002aa2-0000-1000-8000-00805f9b34fb,Language
00002aa3-0000-1000-8000-00805f9b34fb,Barometric Pressure Trend
00002aa4-0000-1000-8000-00805f9b34fb,Bond Management Control Point
00002aa5-0000-1000-8000-00805f9b34fb,Bond Management Feature
00002aa6-0000-1000-8000-00805f9b34fb,Central Address Resolution
00002aa7-0000-1000-8000-00805f9b34fb,CGM Measurement
00002aa8-0000-1000-8000-00805f9b34fb,CGM Feature
00002aa9-0000-1000-8000-00805f9b34fb,CGM Status
00002aaa-0000-1000-8000-00805f9b34fb,CGM Session Start Time
00002aab-0000-1000-8000-00805f9b34fb,CGM Session Run Time
00002aac-0000-1000-8000-00805f9b34fb,CGM Specific Ops Control Point
00005555-0000-1000-8000-00805f9b34fb,UNSCANNABLE_UUID
00005678-0000-1000-8000-00805f9b34fb,GC_V2_COMMANDTYPE0
00006666-0000-1000-8000-00805f9b34fb,SCANNABLE_UUID
00007777-0000-1000-8000-00805f9b34fb,SCAN_RESP_UUID
00008888-0000-1000-8000-00805f9b34fb,POWER_LEVEL_UUID
00009999-0000-1000-8000-00805f9b34fb,PRIVACY_MAC_UUID
0000a000-0000-1000-8000-00805f9b34fb,GC_SERVICE
0000a101-0000-1000-8000-00805f9b34fb,GC_BOOT_UP_READY
0000a102-0000-1000-8000-00805f9b34fb,GC_HW_STATUS
0000a104-0000-1000-8000-00805f9b34fb,GC_NAME
0000a105-0000-1000-8000-00805f9b34fb,GC_PSW_ACTION
0000a106-0000-1000-8000-00805f9b34fb,GC_PSW_VERIFY
0000a107-0000-1000-8000-00805f9b34fb,GC_BOOT_UP_GC
0000a108-0000-1000-8000-00805f9b34fb,GC_ALL_FW_VERSION
0000a201-0000-1000-8000-00805f9b34fb,GC_WIFI_SERVER_BAND 
0000a202-0000-1000-8000-00805f9b34fb,GC_DSC_SSID
0000a203-0000-1000-8000-00805f9b34fb,GC_DSC_PASSWORD
0000a204-0000-1000-8000-00805f9b34fb,GC_DSC_WIFI_CFG
0000a301-0000-1000-8000-00805f9b34fb,GC_PHONE_SSID
0000a302-0000-1000-8000-00805f9b34fb,GC_PHONE_PASSWORD
0000a303-0000-1000-8000-00805f9b34fb,GC_PHONE_WIFI_CFG
0000a304-0000-1000-8000-00805f9b34fb,GC_PHONE_WIFI_ERROR 
0000a401-0000-1000-8000-00805f9b34fb,GC_AUTO_BACKUP_ACTION 
0000a402-0000-1000-8000-00805f9b34fb,GC_AUTO_BACKUP_RESPONSE
0000a404-0000-1000-8000-00805f9b34fb,GC_AUTO_BACKUP_SCAN_RESULT
0000a405-0000-1000-8000-00805f9b34fb,GC_AUTO_BACKUP_GENERAL_RESULT
0000a406-0000-1000-8000-00805f9b34fb,GC_AUTO_BACKUP_PROXY
0000a407-0000-1000-8000-00805f9b34fb,GC_AUTO_BACKUP_ERASE_AP
0000a408-0000-1000-8000-00805f9b34fb,GC_AUTO_BACKUP_GET_PROXY
0000a501-0000-1000-8000-00805f9b34fb,GC_REQUEST_GPS_DATA
0000a502-0000-1000-8000-00805f9b34fb,GC_GPS_DATA
0000a601-0000-1000-8000-00805f9b34fb,GC_DATE_TIME
0000a801-0000-1000-8000-00805f9b34fb,GC_METADATA
0000a802-0000-1000-8000-00805f9b34fb,GC_OPERATION
0000a803-0000-1000-8000-00805f9b34fb,GC_OPERATION_RESULT
0000a804-0000-1000-8000-00805f9b34fb,GC_CAMERA_STATUS
0000a805-0000-1000-8000-00805f9b34fb,GC_CAMERA_ERROR
0000ae01-0000-1000-8000-00805f9b34fb,GC_SHORT_COMMAND_NOTIFY
0000ae02-0000-1000-8000-00805f9b34fb,GC_LONG_COMMAND_NOTIFY
0000af01-0000-1000-8000-00805f9b34fb,GC_BLE_RESET
0000b000-0000-1000-8000-00805f9b34fb,Weight Scale
0000b001-0000-1000-8000-00805f9b34fb,Weight Scale Measurement
0000b13d-0000-1000-8000-00805f9b34fb,Bird Scooters - co.bird.android
0000c000-0000-1000-8000-00805f9b34fb,Continuout Gluecose Measurement
0000c001-0000-1000-8000-00805f9b34fb,Continuous Glucose Measurement
0000c002-0000-1000-8000-00805f9b34fb,Continuous Glucose Features
0000c003-0000-1000-8000-00805f9b34fb,Continuous Glucose Status
0000c004-0000-1000-8000-00805f9b34fb,Continuous Glucose Session
0000c005-0000-1000-8000-00805f9b34fb,Continuous Glucose Runtime
0000c006-0000-1000-8000-00805f9b34fb,Continuous Glucose RACP
0000c007-0000-1000-8000-00805f9b34fb,Continuous Glucose ASCP
0000c008-0000-1000-8000-00805f9b34fb,Continuous Glucose CGMCP
0000cf01-0000-1000-8000-00805f9b34fb,GC_V2_COMMANDTYPE1
0000cf02-0000-1000-8000-00805f9b34fb,GC_V2_COMMANDTYPE2
0000cf03-0000-1000-8000-00805f9b34fb,GC_V2_COMMANDTYPE3
0000d000-0000-1000-8000-00805f9b34fb,Pedometer
0000d001-0000-1000-8000-00805f9b34fb,Pedometer Measurement
0000e000-0000-1000-8000-00805f9b34fb,Audio Temp
0000e001-0000-1000-8000-00805f9b34fb,Audio Battery Level Temp
0000e002-0000-1000-8000-00805f9b34fb,Audio LeftRight Temp
0000e003-0000-1000-8000-00805f9b34fb,Audio Hi ID Temp
0000e004-0000-1000-8000-00805f9b34fb,Audio Other Hi ID Temp
0000e005-0000-1000-8000-00805f9b34fb,Audio Mic Attenuation Temp
0000e006-0000-1000-8000-00805f9b34fb,Audio 2nd Stream Attenuation Temp
0000e007-0000-1000-8000-00805f9b34fb,Audio Available Programs Bitmap Temp
0000e008-0000-1000-8000-00805f9b34fb,Audio Stream Programs Bitmap Temp
0000e009-0000-1000-8000-00805f9b34fb,Audio Current Active Program Temp
0000e00a-0000-1000-8000-00805f9b34fb,Audio Program Data Version Temp
0000e00b-0000-1000-8000-00805f9b34fb,Audio Program ID Name Selector Temp
0000e00c-0000-1000-8000-00805f9b34fb,Audio Program Name Temp
0000e00d-0000-1000-8000-00805f9b34fb,Audio Program Catogory Temp
0000fd6f-0000-1000-8000-00805f9b34fb,"Apple, Inc. / Exposure Notification Service"
0000fe1c-0000-1000-8000-00805f9b34fb,"Custom - NetMedia, Inc."
0000fe1d-0000-1000-8000-00805f9b34fb,Custom - Illuminati Instrument Corporation
0000fe1e-0000-1000-8000-00805f9b34fb,"Custom - Smart Innovations Co., Ltd"
0000fe1f-0000-1000-8000-00805f9b34fb,"Custom - Garmin International, Inc."
0000fe20-0000-1000-8000-00805f9b34fb,Custom - Emerson
0000fe21-0000-1000-8000-00805f9b34fb,Custom - Bose Corporation
0000fe22-0000-1000-8000-00805f9b34fb,Custom - Zoll Medical Corporation
0000fe23-0000-1000-8000-00805f9b34fb,Custom - Zoll Medical Corporation
0000fe24-0000-1000-8000-00805f9b34fb,Custom - August Home Inc
0000fe25-0000-1000-8000-00805f9b34fb,"Custom - Apple, Inc."
0000fe26-0000-1000-8000-00805f9b34fb,Custom - Google Inc.
0000fe27-0000-1000-8000-00805f9b34fb,Custom - Google Inc.
0000fe28-0000-1000-8000-00805f9b34fb,Custom - Ayla Networks
0000fe29-0000-1000-8000-00805f9b34fb,Custom - Gibson Innovations
0000fe2a-0000-1000-8000-00805f9b34fb,"Custom - DaisyWorks, Inc."
0000fe2b-0000-1000-8000-00805f9b34fb,Custom - ITT Industries
0000fe2c-0000-1000-8000-00805f9b34fb,Custom - Google Inc.
0000fe2d-0000-1000-8000-00805f9b34fb,"Custom - SMART INNOVATION Co.,Ltd"
0000fe2e-0000-1000-8000-00805f9b34fb,"Custom - ERi,Inc."
0000fe2f-0000-1000-8000-00805f9b34fb,"Custom - CRESCO Wireless, Inc"
0000fe30-0000-1000-8000-00805f9b34fb,Custom - Volkswagen AG
0000fe31-0000-1000-8000-00805f9b34fb,Custom - Volkswagen AG
0000fe32-0000-1000-8000-00805f9b34fb,"Custom - Pro-Mark, Inc."
0000fe33-0000-1000-8000-00805f9b34fb,Custom - CHIPOLO d.o.o.
0000fe34-0000-1000-8000-00805f9b34fb,Custom - SmallLoop LLC
0000fe35-0000-1000-8000-00805f9b34fb,"Custom - HUAWEI Technologies Co., Ltd"
0000fe36-0000-1000-8000-00805f9b34fb,"Custom - HUAWEI Technologies Co., Ltd"
0000fe37-0000-1000-8000-00805f9b34fb,Custom - Spaceek LTD
0000fe38-0000-1000-8000-00805f9b34fb,Custom - Spaceek LTD
0000fe39-0000-1000-8000-00805f9b34fb,Custom - TTS Tooltechnic Systems AG & Co. KG
0000fe3a-0000-1000-8000-00805f9b34fb,Custom - TTS Tooltechnic Systems AG & Co. KG
0000fe3b-0000-1000-8000-00805f9b34fb,Custom - Dolby Laboratories
0000fe3c-0000-1000-8000-00805f9b34fb,Custom - Alibaba
0000fe3d-0000-1000-8000-00805f9b34fb,Custom - BD Medical
0000fe3e-0000-1000-8000-00805f9b34fb,Custom - BD Medical
0000fe3f-0000-1000-8000-00805f9b34fb,Custom - Friday Labs Limited
0000fe40-0000-1000-8000-00805f9b34fb,Custom - Inugo Systems Limited
0000fe41-0000-1000-8000-00805f9b34fb,Custom - Inugo Systems Limited
0000fe42-0000-1000-8000-00805f9b34fb,Custom - Nets A/S
0000fe43-0000-1000-8000-00805f9b34fb,Custom - Andreas Stihl AG & Co. KG
0000fe44-0000-1000-8000-00805f9b34fb,Custom - SK Telecom
0000fe45-0000-1000-8000-00805f9b34fb,Custom - Snapchat Inc
0000fe46-0000-1000-8000-00805f9b34fb,Custom - B&O Play A/S
0000fe47-0000-1000-8000-00805f9b34fb,Custom - General Motors
0000fe48-0000-1000-8000-00805f9b34fb,Custom - General Motors
0000fe49-0000-1000-8000-00805f9b34fb,Custom - SenionLab AB
0000fe4a-0000-1000-8000-00805f9b34fb,"Custom - OMRON HEALTHCARE Co., Ltd."
0000fe4b-0000-1000-8000-00805f9b34fb,Custom - Koninklijke Philips N.V.
0000fe4c-0000-1000-8000-00805f9b34fb,Custom - Volkswagen AG
0000fe4d-0000-1000-8000-00805f9b34fb,Custom - Casambi Technologies Oy
0000fe4e-0000-1000-8000-00805f9b34fb,Custom - NTT docomo
0000fe4f-0000-1000-8000-00805f9b34fb,"Custom - Molekule, Inc."
0000fe50-0000-1000-8000-00805f9b34fb,Custom - Google Inc.
0000fe51-0000-1000-8000-00805f9b34fb,Custom - SRAM
0000fe52-0000-1000-8000-00805f9b34fb,Custom - SetPoint Medical
0000fe53-0000-1000-8000-00805f9b34fb,Custom - 3M
0000fe54-0000-1000-8000-00805f9b34fb,"Custom - Motiv, Inc."
0000fe55-0000-1000-8000-00805f9b34fb,Custom - Google Inc.
0000fe56-0000-1000-8000-00805f9b34fb,Custom - Google Inc.
0000fe57-0000-1000-8000-00805f9b34fb,Custom - Dotted Labs
0000fe58-0000-1000-8000-00805f9b34fb,Custom - Nordic Semiconductor ASA
0000fe59-0000-1000-8000-00805f9b34fb,Custom - Nordic Semiconductor ASA
0000fe5a-0000-1000-8000-00805f9b34fb,Custom - Chronologics Corporation
0000fe5b-0000-1000-8000-00805f9b34fb,Custom - GT-tronics HK Ltd
0000fe5c-0000-1000-8000-00805f9b34fb,Custom - million hunters GmbH
0000fe5d-0000-1000-8000-00805f9b34fb,Custom - Grundfos A/S
0000fe5e-0000-1000-8000-00805f9b34fb,Custom - Plastc Corporation
0000fe5f-0000-1000-8000-00805f9b34fb,"Custom - Eyefi, Inc."
0000fe60-0000-1000-8000-00805f9b34fb,"Custom - Lierda Science & Technology Group Co., Ltd."
0000fe61-0000-1000-8000-00805f9b34fb,"Logitech International SA - com.logitech.vc.parsec, com.logi.brownie"
0000fe62-0000-1000-8000-00805f9b34fb,Custom - Indagem Tech LLC
0000fe63-0000-1000-8000-00805f9b34fb,"Custom - Connected Yard, Inc."
0000fe64-0000-1000-8000-00805f9b34fb,Custom - Siemens AG
0000fe65-0000-1000-8000-00805f9b34fb,Custom - CHIPOLO d.o.o.
0000fe66-0000-1000-8000-00805f9b34fb,Custom - Intel Corporation
0000fe67-0000-1000-8000-00805f9b34fb,Custom - Lab Sensor Solutions
0000fe68-0000-1000-8000-00805f9b34fb,Custom - Qualcomm Life Inc
0000fe69-0000-1000-8000-00805f9b34fb,Custom - Qualcomm Life Inc
0000fe6a-0000-1000-8000-00805f9b34fb,Custom - Kontakt Micro-Location Sp. z o.o.
0000fe6b-0000-1000-8000-00805f9b34fb,"Custom - TASER International, Inc."
0000fe6c-0000-1000-8000-00805f9b34fb,"Custom - TASER International, Inc."
0000fe6d-0000-1000-8000-00805f9b34fb,Custom - The University of Tokyo
0000fe6e-0000-1000-8000-00805f9b34fb,Custom - The University of Tokyo
0000fe6f-0000-1000-8000-00805f9b34fb,Custom - LINE Corporation
0000fe70-0000-1000-8000-00805f9b34fb,"Custom - Beijing Jingdong Century Trading Co., Ltd."
0000fe71-0000-1000-8000-00805f9b34fb,Custom - Plume Design Inc
0000fe72-0000-1000-8000-00805f9b34fb,"Custom - St. Jude Medical, Inc."
0000fe73-0000-1000-8000-00805f9b34fb,"Custom - St. Jude Medical, Inc."
0000fe74-0000-1000-8000-00805f9b34fb,Custom - unwire
0000fe75-0000-1000-8000-00805f9b34fb,Custom - TangoMe
0000fe76-0000-1000-8000-00805f9b34fb,Custom - TangoMe
0000fe77-0000-1000-8000-00805f9b34fb,Custom - Hewlett-Packard Company
0000fe78-0000-1000-8000-00805f9b34fb,"Hewlett-Packard Company - hp.enterprise.print, com.hp.printercontrol"
0000fe79-0000-1000-8000-00805f9b34fb,Custom - Zebra Technologies
0000fe7a-0000-1000-8000-00805f9b34fb,Custom - Bragi GmbH
0000fe7b-0000-1000-8000-00805f9b34fb,"Custom - Orion Labs, Inc."
0000fe7c-0000-1000-8000-00805f9b34fb,Custom - Telit Wireless Solutions (Formerly Stollmann E+V GmbH)
0000fe7d-0000-1000-8000-00805f9b34fb,Custom - Aterica Health Inc.
0000fe7e-0000-1000-8000-00805f9b34fb,Custom - Awear Solutions Ltd
0000fe7f-0000-1000-8000-00805f9b34fb,Custom - Doppler Lab
0000fe80-0000-1000-8000-00805f9b34fb,Custom - Doppler Lab
0000fe81-0000-1000-8000-00805f9b34fb,Custom - Medtronic Inc.
0000fe82-0000-1000-8000-00805f9b34fb,Custom - Medtronic Inc.
0000fe83-0000-1000-8000-00805f9b34fb,Custom - Blue Bite
0000fe84-0000-1000-8000-00805f9b34fb,Custom - RF Digital Corp
0000fe85-0000-1000-8000-00805f9b34fb,Custom - RF Digital Corp
0000fe86-0000-1000-8000-00805f9b34fb,"Custom - HUAWEI Technologies Co., Ltd. ( )"
0000fe87-0000-1000-8000-00805f9b34fb,"Custom - Qingdao Yeelink Information Technology Co., Ltd. ( )"
0000fe88-0000-1000-8000-00805f9b34fb,Custom - SALTO SYSTEMS S.L.
0000fe89-0000-1000-8000-00805f9b34fb,Custom - B&O Play A/S
0000fe8a-0000-1000-8000-00805f9b34fb,"Custom - Apple, Inc."
0000fe8b-0000-1000-8000-00805f9b34fb,"Custom - Apple, Inc."
0000fe8c-0000-1000-8000-00805f9b34fb,Custom - TRON Forum
0000fe8d-0000-1000-8000-00805f9b34fb,Custom - Interaxon Inc.
0000fe8e-0000-1000-8000-00805f9b34fb,Custom - ARM Ltd
0000fe8f-0000-1000-8000-00805f9b34fb,Custom - CSR
0000fe90-0000-1000-8000-00805f9b34fb,Custom - JUMA
0000fe91-0000-1000-8000-00805f9b34fb,"Custom - Shanghai Imilab Technology Co.,Ltd"
0000fe92-0000-1000-8000-00805f9b34fb,Custom - Jarden Safety & Security
0000fe93-0000-1000-8000-00805f9b34fb,Custom - OttoQ Inc.
0000fe94-0000-1000-8000-00805f9b34fb,Custom - OttoQ Inc.
0000fe95-0000-1000-8000-00805f9b34fb,Custom - Xiaomi Inc.
0000fe96-0000-1000-8000-00805f9b34fb,Custom - Tesla Motor Inc.
0000fe97-0000-1000-8000-00805f9b34fb,Custom - Tesla Motor Inc.
0000fe98-0000-1000-8000-00805f9b34fb,"Custom - Currant, Inc."
0000fe99-0000-1000-8000-00805f9b34fb,"Custom - Currant, Inc."
0000fe9a-0000-1000-8000-00805f9b34fb,Custom - Estimote
0000fe9b-0000-1000-8000-00805f9b34fb,"Custom - Samsara Networks, Inc"
0000fe9c-0000-1000-8000-00805f9b34fb,"Custom - GSI Laboratories, Inc."
0000fe9d-0000-1000-8000-00805f9b34fb,Custom - Mobiquity Networks Inc
0000fe9e-0000-1000-8000-00805f9b34fb,Custom - Dialog Semiconductor B.V.
0000fe9f-0000-1000-8000-00805f9b34fb,Google - com.google.android.gms
0000fea0-0000-1000-8000-00805f9b34fb,Google - com.google.android.apps.chromecast.app
0000fea1-0000-1000-8000-00805f9b34fb,"Custom - Intrepid Control Systems, Inc."
0000fea2-0000-1000-8000-00805f9b34fb,"Custom - Intrepid Control Systems, Inc."
0000fea3-0000-1000-8000-00805f9b34fb,Custom - ITT Industries
0000fea4-0000-1000-8000-00805f9b34fb,Custom - Paxton Access Ltd
0000fea5-0000-1000-8000-00805f9b34fb,"Custom - GoPro, Inc."
0000fea6-0000-1000-8000-00805f9b34fb,"Custom - GoPro, Inc."
0000fea7-0000-1000-8000-00805f9b34fb,Custom - UTC Fire and Security
0000fea8-0000-1000-8000-00805f9b34fb,Custom - Savant Systems LLC
0000fea9-0000-1000-8000-00805f9b34fb,Custom - Savant Systems LLC
0000feaa-0000-1000-8000-00805f9b34fb,Custom - Google Inc.
0000feab-0000-1000-8000-00805f9b34fb,Custom - Nokia Corporation
0000feac-0000-1000-8000-00805f9b34fb,Custom - Nokia Corporation
0000fead-0000-1000-8000-00805f9b34fb,Custom - Nokia Corporation
0000feae-0000-1000-8000-00805f9b34fb,Custom - Nokia Corporation
0000feaf-0000-1000-8000-00805f9b34fb,Nest Labs Inc. - com.nest.android
0000feb0-0000-1000-8000-00805f9b34fb,Custom - Nest Labs Inc.
0000feb1-0000-1000-8000-00805f9b34fb,Custom - Electronics Tomorrow Limited
0000feb2-0000-1000-8000-00805f9b34fb,Custom - Microsoft Corporation
0000feb3-0000-1000-8000-00805f9b34fb,Custom - Taobao
0000feb4-0000-1000-8000-00805f9b34fb,Custom - WiSilica Inc.
0000feb5-0000-1000-8000-00805f9b34fb,Custom - WiSilica Inc.
0000feb6-0000-1000-8000-00805f9b34fb,"Custom - Vencer Co, Ltd"
0000feb7-0000-1000-8000-00805f9b34fb,"Custom - Facebook, Inc."
0000feb8-0000-1000-8000-00805f9b34fb,"Custom - Facebook, Inc."
0000feb9-0000-1000-8000-00805f9b34fb,Custom - LG Electronics
0000feba-0000-1000-8000-00805f9b34fb,Custom - Tencent Holdings Limited
0000febb-0000-1000-8000-00805f9b34fb,Custom - adafruit industries
0000febc-0000-1000-8000-00805f9b34fb,"Custom - Dexcom, Inc."
0000febd-0000-1000-8000-00805f9b34fb,"Custom - Clover Network, Inc."
0000febe-0000-1000-8000-00805f9b34fb,Bose Corporation - TILE3?
0000febf-0000-1000-8000-00805f9b34fb,"Custom - Nod, Inc."
0000fec0-0000-1000-8000-00805f9b34fb,Custom - KDDI Corporation
0000fec1-0000-1000-8000-00805f9b34fb,Custom - KDDI Corporation
0000fec2-0000-1000-8000-00805f9b34fb,"Custom - Blue Spark Technologies, Inc."
0000fec3-0000-1000-8000-00805f9b34fb,"Custom - 360fly, Inc."
0000fec4-0000-1000-8000-00805f9b34fb,Custom - PLUS Location Systems
0000fec5-0000-1000-8000-00805f9b34fb,Custom - Realtek Semiconductor Corp.
0000fec6-0000-1000-8000-00805f9b34fb,"Custom - Kocomojo, LLC"
0000fec7-0000-1000-8000-00805f9b34fb,"Custom - Apple, Inc."
0000fec8-0000-1000-8000-00805f9b34fb,"Custom - Apple, Inc."
0000fec9-0000-1000-8000-00805f9b34fb,"Custom - Apple, Inc."
0000feca-0000-1000-8000-00805f9b34fb,"Custom - Apple, Inc."
0000fecb-0000-1000-8000-00805f9b34fb,"Custom - Apple, Inc."
0000fecc-0000-1000-8000-00805f9b34fb,"Custom - Apple, Inc."
0000fecd-0000-1000-8000-00805f9b34fb,"Custom - Apple, Inc."
0000fece-0000-1000-8000-00805f9b34fb,"Custom - Apple, Inc."
0000fecf-0000-1000-8000-00805f9b34fb,"Custom - Apple, Inc."
0000fed0-0000-1000-8000-00805f9b34fb,"Custom - Apple, Inc."
0000fed1-0000-1000-8000-00805f9b34fb,"Custom - Apple, Inc."
0000fed2-0000-1000-8000-00805f9b34fb,"Custom - Apple, Inc."
0000fed3-0000-1000-8000-00805f9b34fb,"Custom - Apple, Inc."
0000fed4-0000-1000-8000-00805f9b34fb,"Custom - Apple, Inc."
0000fed5-0000-1000-8000-00805f9b34fb,Custom - Plantronics Inc.
0000fed6-0000-1000-8000-00805f9b34fb,Custom - Broadcom Corporation
0000fed7-0000-1000-8000-00805f9b34fb,Custom - Broadcom Corporation
0000fed8-0000-1000-8000-00805f9b34fb,Custom - Google Inc.
0000fed9-0000-1000-8000-00805f9b34fb,Custom - Pebble Technology Corporation
0000feda-0000-1000-8000-00805f9b34fb,Custom - ISSC Technologies Corporation
0000fedb-0000-1000-8000-00805f9b34fb,"Custom - Perka, Inc."
0000fedc-0000-1000-8000-00805f9b34fb,Custom - Jawbone
0000fedd-0000-1000-8000-00805f9b34fb,Custom - Jawbone
0000fede-0000-1000-8000-00805f9b34fb,"Custom - Coin, Inc."
0000fedf-0000-1000-8000-00805f9b34fb,Custom - Design SHIFT
0000fee0-0000-1000-8000-00805f9b34fb,Custom - Anhui Huami Information Technology Co.
0000fee1-0000-1000-8000-00805f9b34fb,Custom - Anhui Huami Information Technology Co.
0000fee2-0000-1000-8000-00805f9b34fb,"Custom - Anki, Inc."
0000fee3-0000-1000-8000-00805f9b34fb,"Custom - Anki, Inc."
0000fee4-0000-1000-8000-00805f9b34fb,Custom - Nordic Semiconductor ASA
0000fee5-0000-1000-8000-00805f9b34fb,Custom - Nordic Semiconductor ASA
0000fee6-0000-1000-8000-00805f9b34fb,"Custom - Silvair, Inc."
0000fee7-0000-1000-8000-00805f9b34fb,Custom - Tencent Holdings Limited
0000fee8-0000-1000-8000-00805f9b34fb,Custom - Quintic Corp.
0000fee9-0000-1000-8000-00805f9b34fb,Custom - Quintic Corp.
0000feea-0000-1000-8000-00805f9b34fb,"Custom - Swirl Networks, Inc."
0000feeb-0000-1000-8000-00805f9b34fb,"Custom - Swirl Networks, Inc."
0000feec-0000-1000-8000-00805f9b34fb,"Tile, Inc. - com.thetileapp.tile - TILE 2"
0000feed-0000-1000-8000-00805f9b34fb,"Tile, Inc. - com.thetileapp.tile - TILE 1"
0000feee-0000-1000-8000-00805f9b34fb,Custom - Polar Electro Oy
0000feef-0000-1000-8000-00805f9b34fb,Custom - Polar Electro Oy
0000fef0-0000-1000-8000-00805f9b34fb,Custom - Intel
0000fef1-0000-1000-8000-00805f9b34fb,Custom - CSR
0000fef2-0000-1000-8000-00805f9b34fb,Custom - CSR
0000fef3-0000-1000-8000-00805f9b34fb,Custom - Google Inc.
0000fef4-0000-1000-8000-00805f9b34fb,Custom - Google Inc.
0000fef5-0000-1000-8000-00805f9b34fb,Custom - Dialog Semiconductor GmbH
0000fef6-0000-1000-8000-00805f9b34fb,"Custom - Wicentric, Inc."
0000fef7-0000-1000-8000-00805f9b34fb,Custom - Aplix Corporation
0000fef8-0000-1000-8000-00805f9b34fb,Custom - Aplix Corporation
0000fef9-0000-1000-8000-00805f9b34fb,"Custom - PayPal, Inc."
0000fefa-0000-1000-8000-00805f9b34fb,"Custom - PayPal, Inc."
0000fefb-0000-1000-8000-00805f9b34fb,Stollmann Terminal IO Service
0000fefc-0000-1000-8000-00805f9b34fb,"Custom - Gimbal, Inc."
0000fefd-0000-1000-8000-00805f9b34fb,"Custom - Gimbal, Inc."
0000fefe-0000-1000-8000-00805f9b34fb,Custom - GN ReSound A/S
0000feff-0000-1000-8000-00805f9b34fb,Custom - GN Netcom
0000ffe0-0000-1000-8000-00805f9b34fb,Posture Sensing Service
0000ffe1-0000-1000-8000-00805f9b34fb,HM-10 UART RX/TX
0000ffe5-0000-1000-8000-00805f9b34fb,Posture Sensing Service - Control Service
0000ffe9-0000-1000-8000-00805f9b34fb,Posture Sensing Service - UART TX
0000fff0-0000-1000-8000-00805f9b34fb,ISSC Transparent Service
0000fff1-0000-1000-8000-00805f9b34fb,ISSC Transparent RX
0000fff2-0000-1000-8000-00805f9b34fb,ISSC Transparent TX
0000fff6-0000-1000-8000-00805f9b34fb,ISSC RX
0000fff7-0000-1000-8000-00805f9b34fb,ISSC TX
0000fffc-0000-1000-8000-00805f9b34fb,AirFuel Alliance Wireless Power Transfer Service
0000fffd-0000-1000-8000-00805f9b34fb,Fast IDentity Online Alliance Universal Second Factor Authenticator Service
0000fffe-0000-1000-8000-00805f9b34fb,AirFuel Alliance Wireless Power Transfer Service
22eac6e9-24d6-4bb5-be44-b36ace7c7bfb,Apple Notification Center Service - Data Source
49535343-1e4d-4bd9-ba61-23c647249616,ISSC Transparent TX
49535343-6daa-4d02-abf6-19569aca69fe,ISSC Update Connection Parameter
49535343-8841-43f4-a8d4-ecbe34729bb3,ISSC Transparent RX
49535343-aca3-481c-91ec-d85e28a60318,ISSC Air Patch
49535343-fe7d-4ae5-8fa9-9fafd205e455,ISSC Proprietary Service
569a1101-b87f-490c-92cb-11ba5ea5167c,BL600 vSP Service
569a2000-b87f-490c-92cb-11ba5ea5167c,BL600 vSP Service - TX FIFO
569a2001-b87f-490c-92cb-11ba5ea5167c,BL600 vSP Service - RX FIFO
569a2002-b87f-490c-92cb-11ba5ea5167c,BL600 vSP Service - Modem Out
569a2003-b87f-490c-92cb-11ba5ea5167c,BL600 vSP Service - Modem In
69d1d8f3-45e1-49a8-9821-9bbdfdaad9d9,Apple Notification Center Service - Control Point UUID
6e400001-b5a3-f393-e0a9-e50e24dcca9e,Nordic UART Service
6e400002-b5a3-f393-e0a9-e50e24dcca9e,Nordic UART Rx Char
6e400003-b5a3-f393-e0a9-e50e24dcca9e,Nordic UART Tx Char
713d0000-503e-4c75-ba94-3148f18d941e,RedBearLab Service
713d0002-503e-4c75-ba94-3148f18d941e,RedBearLab RX Service
713d0003-503e-4c75-ba94-3148f18d941e,RedBearLab TX Service
730a0ce2-9042-4ef1-870d-debe79a601f3,"com.powerley.aepohio, com.dteenergy.insight"
7905f431-b5ce-4e99-a40f-4b1e122d00d0,Apple Notification Center Service
831c4071-7bc8-4a9c-a01c-15df25a4adbc,ActiveSync
9fbf120d-6301-42d9-8c58-25e699a21dbd,Apple Notification Center Service - Notification Source
adabfb00-6e7d-4601-bda2-bffaa68956ba,"com.fitbit.FitbitMobile, de.afischer.aftrack.plugin.sensbox"
b0702881-a295-a8ab-f734-031a98a512d,RedBear B1 iBeacon
b0702882-a295-a8ab-f734-031a98a512d,RedBear B1 Major ID
b0702883-a295-a8ab-f734-031a98a512d,RedBear B1 Minor ID
b0702884-a295-a8ab-f734-031a98a512d,RedBear B1 Measured Power
b0702885-a295-a8ab-f734-031a98a512d,RedBear B1 LED Switch 
b0702886-a295-a8ab-f734-031a98a512d,RedBear B1 Advertising Interval
b0702887-a295-a8ab-f734-031a98a512d,RedBear B1 Output Power
b0702888-a295-a8ab-f734-031a98a512d,RedBear B1 Firmware Version
b9402000-f5f8-466e-aff9-25556b57fe6d,Estimote Authentication Service
b9402001-f5f8-466e-aff9-25556b57fe6d,Estimote Advertising Seed
b9402002-f5f8-466e-aff9-25556b57fe6d,Estimote Advertising Vector
b9403000-f5f8-466e-aff9-25556b57fe6d,Estimote Service
b9403001-f5f8-466e-aff9-25556b57fe6d,Estimote Major
b9403002-f5f8-466e-aff9-25556b57fe6d,Estimote Minor
b9403003-f5f8-466e-aff9-25556b57fe6d,Estimote UUID
b9403011-f5f8-466e-aff9-25556b57fe6d,Estimote Power
b9403012-f5f8-466e-aff9-25556b57fe6d,Estimote Advertising Interval
b9403021-f5f8-466e-aff9-25556b57fe6d,Estimote Temperature
b9403041-f5f8-466e-aff9-25556b57fe6d,Estimote Battery
b9404000-f5f8-466e-aff9-25556b57fe6d,Estimote Version Service
b9404001-f5f8-466e-aff9-25556b57fe6d,Estimote Software Version
b9404002-f5f8-466e-aff9-25556b57fe6d,Estimote Hardware Version
d2d3f8ef-9c99-4d9c-a2b3-91c85d44326c,Nest Labs Inc. - com.nest.android
fb694b90-f49e-4597-8306-171bba78f846,"com.lf.lfvtandroid, com.paofit.RideSocial, com.paofit.runsocial"
